{"Catherine St & Monroe St":[-73.99682619,40.71117444,17469.0],"1 Ave & E 30 St":[-73.97536082,40.74144387,43713.0],"E 48 St & 3 Ave":[-73.971878855,40.7546011026,27753.0],"Pershing Square N":[-73.97770164,40.75188406,6353.0],"Atlantic Ave & Fort Greene Pl":[-73.97632328,40.68382604,12328.0],"W 59 St & 10 Ave":[-73.988038,40.770513,27444.0],"E 47 St & 1 Ave":[-73.96784384,40.75206862,15674.0],"W 4 St & 7 Ave S":[-74.00293877,40.73401143,55094.0],"Division St & Bowery":[-73.9970468,40.71413089,25239.0],"Lexington Ave & E 26 St":[-73.98320928,40.74147286,42713.0],"Elizabeth St & Hester St":[-73.996375,40.71729,35818.0],"E 40 St & 5 Ave":[-73.9816324043,40.752062307,46577.0],"Cleveland Pl & Spring St":[-73.99720307,40.7218158,77807.0],"W 49 St & 8 Ave":[-73.98788205,40.76227205,41455.0],"Pike St & Monroe St":[-73.99193043,40.71173107,13676.0],"Henry St & Grand St":[-73.981346,40.714215,24741.0],"2 Ave & E 31 St":[-73.97706058,40.74290902,60495.0],"Dean St & 4 Ave":[-73.97895137,40.68312489,14628.0],"Broadway & E 14 St":[-73.99074142,40.73454567,83970.0],"University Pl & E 14 St":[-73.99200509,40.73492695,77270.0],"W 39 St & 9 Ave":[-73.99372222,40.75645824,54458.0],"Allen St & Rivington St":[-73.98997825,40.72019576,44295.0],"Mott St & Prince St":[-73.99480012,40.72317958,47053.0],"E 25 St & 2 Ave":[-73.97973776,40.73912601,41684.0],"W 17 St & 8 Ave":[-74.00149746,40.74177603,54820.0],"Lexington Ave & E 24 St":[-73.98409214,40.74025878,55414.0],"Broadway & W 39 St":[-73.98721619,40.75299641,30715.0],"Broadway & W 24 St":[-73.98915076,40.7423543,75142.0],"Greenwich Ave & Charles St":[-74.000271,40.735238,37179.0],"Washington Pl & Broadway":[-73.99404649,40.72903917,37751.0],"South End Ave & Liberty St":[-74.015756,40.711512,48485.0],"Central Park S & 6 Ave":[-73.97634151,40.76590936,45061.0],"W 15 St & 7 Ave":[-73.99931783,40.73935542,45756.0],"MacDougal St & Prince St":[-74.00297088,40.72710258,54864.0],"Broadway & W 29 St":[-73.98855723,40.7462009,42766.0],"Lafayette Ave & Fort Greene Pl":[-73.976682,40.68691865,9991.0],"Willoughby Ave & Hall St":[-73.96536851,40.69196035,9315.0],"Avenue D & E 3 St":[-73.97793172,40.72082834,16477.0],"Hudson St & Reade St":[-74.0091059,40.71625008,25052.0],"W 20 St & 7 Ave":[-73.99726235,40.74238787,45557.0],"Broadway & E 22 St":[-73.98955109,40.7403432,79253.0],"9 Ave & W 14 St":[-74.00550867,40.7405826,47903.0],"Emerson Pl & Myrtle Ave":[-73.96223558,40.69363137,6697.0],"Centre St & Worth St":[-74.00234482,40.71494807,25192.0],"Gallatin Pl & Livingston St":[-73.98707105,40.69028437,5032.0],"E 37 St & Lexington Ave":[-73.978311,40.748238,25048.0],"E 11 St & 1 Ave":[-73.98426726,40.72953837,41079.0],"8 Ave & W 31 St":[-73.99481051,40.75044999,127063.0],"West Thames St":[-74.01713445,40.70834698,37547.0],"S 5 Pl & S 4 St":[-73.960876,40.710451,26162.0],"Park Pl & Church St":[-74.00937622,40.71336124,18624.0],"W 42 St & 8 Ave":[-73.99098507,40.7575699,43892.0],"E 13 St & Avenue A":[-73.98057249,40.72955361,44186.0],"Lafayette Ave & St James Pl":[-73.9647628,40.68851534,5941.0],"Broadway & W 60 St":[-73.98191841,40.76915505,73441.0],"Lispenard St & Broadway":[-74.00247214,40.71939226,29367.0],"Canal St & Rutgers St":[-73.98990025,40.71427487,39759.0],"Church St & Leonard St":[-74.00583475,40.71743998,710.0],"9 Ave & W 45 St":[-73.9912551,40.76019252,44907.0],"Lafayette St & E 8 St":[-73.9907647,40.73028666,112792.0],"Ashland Pl & Hanson Pl":[-73.97805813,40.68528172,20913.0],"W 43 St & 6 Ave":[-73.98316936,40.75527307,10011.0],"Greenwich Ave & 8 Ave":[-74.0026376103,40.7390169121,74088.0],"12 Ave & W 40 St":[-74.00277668,40.76087502,49209.0],"W Broadway & Spring St":[-74.00154702,40.72490985,44717.0],"Christopher St & Greenwich St":[-74.00711384,40.73291553,71238.0],"Allen St & E Houston St":[-73.989111,40.722055,44766.0],"1 Ave & E 15 St":[-73.98165557,40.73221853,64674.0],"E 14 St & Avenue B":[-73.97772429,40.72938685,44163.0],"W Houston St & Hudson St":[-74.00748842,40.72873888,56130.0],"Clinton Ave & Myrtle Ave":[-73.968896,40.693261,17285.0],"W 45 St & 8 Ave":[-73.98859651,40.75929124,33925.0],"Forsyth St & Broome St":[-73.99266288,40.71893904,40351.0],"W 56 St & 6 Ave":[-73.97722479,40.76340613,37071.0],"W 14 St & The High Line":[-74.00803013,40.74195138,29361.0],"E 11 St & 2 Ave":[-73.98672378,40.73047309,50279.0],"Broadway & W 36 St":[-73.98765428,40.75097711,31531.0],"State St":[-74.01427023,40.70251526,2895.0],"W 20 St & 11 Ave":[-74.007756,40.746745,55673.0],"Madison St & Montgomery St":[-73.984844,40.713126,15857.0],"St James Pl & Pearl St":[-74.00016545,40.71117416,12619.0],"Bank St & Washington St":[-74.00859207,40.7361967,27277.0],"11 Ave & W 27 St":[-74.005226,40.751396,41848.0],"Lexington Ave & Classon Ave":[-73.95928168,40.68676793,5189.0],"Lafayette Ave & Classon Ave":[-73.96023854,40.68900443,5946.0],"Grand St & Greene St":[-74.00234737,40.72165481,29642.0],"Fulton St & Clermont Ave":[-73.96922273,40.68415748,6286.0],"Henry St & Poplar St":[-73.991454,40.700469,8022.0],"Mercer St & Bleecker St":[-73.99695094,40.72679454,54422.0],"1 Ave & E 44 St":[-73.96905301,40.75001986,26089.0],"Clinton St & Tillary St":[-73.991218,40.696192,8843.0],"W 26 St & 8 Ave":[-73.99723551,40.74734825,49150.0],"E 7 St & Avenue A":[-73.98379855,40.72621788,50221.0],"W 24 St & 7 Ave":[-73.99529885,40.74487634,58224.0],"Grand Army Plaza & Central Park S":[-73.97371465,40.7643971,54871.0],"Atlantic Ave & Furman St":[-73.9999786,40.69165183,12900.0],"Howard St & Centre St":[-73.99973337,40.71910537,33496.0],"W 22 St & 8 Ave":[-73.99915362,40.74475148,47032.0],"Carmine St & 6 Ave":[-74.00214988,40.73038599,68852.0],"Cumberland St & Lafayette Ave":[-73.97265183,40.68753406,10407.0],"Bank St & Hudson St":[-74.00618026,40.73652889,34781.0],"E 52 St & 2 Ave":[-73.967416,40.756014,19618.0],"E 15 St & 3 Ave":[-73.986923,40.734232,39927.0],"E 31 St & 3 Ave":[-73.97966069,40.74394314,44631.0],"W 11 St & 6 Ave":[-73.99800419,40.73532427,18020.0],"Great Jones St":[-73.99379025,40.72743423,49286.0],"Norfolk St & Broome St":[-73.98802084,40.7172274,24436.0],"E 3 St & 1 Ave":[-73.98783413,40.72467721,44074.0],"Clinton St & Grand St":[-73.9870295,40.71559509,24063.0],"W 22 St & 10 Ave":[-74.00451887,40.74691959,59857.0],"E 2 St & Avenue C":[-73.98085795,40.7208736,23479.0],"E 56 St & 3 Ave":[-73.96759673,40.75934501,20406.0],"E 45 St & 3 Ave":[-73.97282625,40.75255434,26786.0],"DeKalb Ave & Vanderbilt Ave":[-73.96885458,40.68940747,10203.0],"Liberty St & Broadway":[-74.01043382,40.70905623,35878.0],"E 2 St & 2 Ave":[-73.99069656,40.72502876,35045.0],"Broad St & Bridge St":[-74.01167797,40.70365182,12988.0],"Broadway & W 32 St":[-73.98808416,40.74854862,48191.0],"W 37 St & 5 Ave":[-73.98338988,40.75038009,30818.0],"W 52 St & 9 Ave":[-73.98789473,40.76461837,22383.0],"W 52 St & 5 Ave":[-73.97648516,40.75992262,23397.0],"W 37 St & 10 Ave":[-73.9979009,40.75660359,38217.0],"W 29 St & 9 Ave":[-73.99839279,40.7500727,33118.0],"2 Ave & E 58 St":[-73.96478473,40.76020258,28167.0],"9 Ave & W 16 St":[-74.00443172,40.74206539,46004.0],"Duane St & Greenwich St":[-74.0104554,40.71748752,21234.0],"Pike St & E Broadway":[-73.99293911,40.71406667,23577.0],"Franklin St & W Broadway":[-74.00666661,40.71911552,25666.0],"6 Ave & W 33 St":[-73.98848395,40.74901271,51913.0],"W 20 St & 8 Ave":[-74.00004031,40.74345335,37901.0],"Washington Square E":[-73.9957214,40.73049393,48214.0],"E 20 St & Park Ave":[-73.98751968,40.73827428,37180.0],"LaGuardia Pl & W 3 St":[-73.99810231,40.72917025,47732.0],"10 Ave & W 28 St":[-74.00176802,40.75066386,39408.0],"W 27 St & 7 Ave":[-73.993915,40.746647,52720.0],"W 18 St & 6 Ave":[-73.99456405,40.73971301,62015.0],"Lawrence St & Willoughby St":[-73.98631746,40.69236178,17272.0],"9 Ave & W 22 St":[-74.00197139,40.7454973,54191.0],"W 31 St & 7 Ave":[-73.9916,40.749156,70505.0],"Clermont Ave & Lafayette Ave":[-73.96968902,40.68764484,6976.0],"W 26 St & 10 Ave":[-74.002950346,40.749717753,37926.0],