{"Broadway":[-73.9045914073,40.8791989665,5850.0],"East 161st Street":[-73.9218843287,40.8266279412,6476.0],"East Fordham Road":[-73.8953578158,40.8621546003,14174.0],"East Gun Hill Road":[-73.8789246732,40.881286996,5640.0],"East Tremont Avenue":[-73.8895638973,40.8446367767,4380.0],"Grand Concourse":[-73.920878248,40.8301585551,2883.0],"Third Avenue":[-73.9163573729,40.8168874583,10957.0],"White Plains Road":[-73.867673526,40.8555887197,6272.0],"5th Avenue":[-74.0111929669,40.6442668236,9474.0],"7th Avenue":[-73.981342058,40.6671741513,6858.0],"86th Street":[-74.027286805,40.6221388292,6803.0],"Atlantic Avenue":[-73.9898316544,40.688847816,2030.0],"Bedford Avenue":[-73.9580223484,40.7175573777,10050.0],"Brighton Beach Avenue":[-73.9627634062,40.5773271415,7891.0],"Church Avenue":[-73.9490813369,40.6508314677,7478.0],"Triborough Bridge (Manhattan span)":[-73.9278519715,40.8003450606,54.0],"Cortelyou Road":[-73.9657373212,40.6406273931,4794.0],"Court Street":[-73.9924933678,40.6894253782,6669.0],"Eastern Parkway":[-73.9681872505,40.6729252372,2885.0],"Flatbush Avenue":[-73.9214952312,40.6089208215,1919.0],"Fulton Street":[-73.9858867073,40.6908718644,13025.0],"Graham Avenue":[-73.9425546334,40.7034082646,4998.0],"Grand Street":[-73.9446668043,40.7115692203,2299.0],"Jay Street":[-73.9872747929,40.6927241402,7801.0],"Kings Highway":[-73.9595935276,40.6082014609,6608.0],"Montague Street":[-73.9933642667,40.6945348615,5563.0],"Myrtle Avenue":[-73.9693199143,40.6931146468,3588.0],"Old Fulton Street":[-73.9939968076,40.7027464828,2200.0],"Pitkin Avenue":[-73.9130785684,40.6693345619,3066.0],"Sheepshead Bay Road":[-73.9547509169,40.5875434049,4147.0],"VanBrunt Street":[-74.0151147262,40.6754655969,374.0],"Washington Street":[-73.9896033022,40.7028615272,4031.0],"Broad Street":[-74.0115568741,40.7046366519,9024.0],"Chambers Street":[-74.0100931293,40.715904559,18836.0],"Columbus Avenue":[-73.9771357991,40.7796808276,5388.0],"Delancey Street":[-73.9893630506,40.7189893594,6233.0],"East 14th Street":[-73.9926574847,40.7355992642,16825.0],"East 42nd Street":[-73.9766554794,40.7516947351,25455.0],"East 8th Street":[-73.994412047,40.7314360177,5522.0],"Eighth Avenue":[-73.9886150306,40.7588482835,27021.0],"Fifth Avenue":[-73.9751441862,40.7613536109,24381.0],"Forsyth Street":[-73.9945153152,40.7149355237,6820.0],"Lexington Avenue":[-73.9688873587,40.761264608,16971.0],"Madison Avenue":[-73.9656851268,40.7714406226,4178.0],"Seventh Avenue":[-73.99134285,40.7499963871,39864.0],"Trinity Place":[-74.0125753754,40.7083516127,7188.0],"Wall Street":[-74.0109864776,40.7073353756,18052.0],"West 125th Street":[-73.9470378191,40.8084297371,9988.0],"West 14th Street":[-74.003840952,40.7403053928,13760.0],"West 181st Street":[-73.9343478451,40.8495809444,8676.0],"West 34th Street":[-73.9893455211,40.7504540549,41849.0],"West 40th Street":[-73.9833568969,40.7528436063,20474.0],"West 47th Street":[-73.9801796262,40.7573384864,17644.0],"Second Avenue":[-73.9682930751,40.7551902203,7694.0],"Park Avenue":[-73.973852841,40.7575362483,15722.0],"Sixth Avenue":[-73.9801986826,40.7602117845,26898.0],"Hudson River Greenway":[-73.9969438281,40.7673124325,919.0],"165th Street":[-73.7955546812,40.7065342694,5017.0],"37th Avenue":[-73.8922536457,40.748911553,6674.0],"82nd Street":[-73.8841263951,40.7487315507,11423.0],"Austin Street":[-73.8453415792,40.7203657448,5160.0],"Bell Boulevard":[-73.7711491796,40.7639334212,2792.0],"Fresh Pond Road":[-73.8953030686,40.70287666,1238.0],"Hillside Avenue":[-73.7924782749,40.7109196631,4928.0],"Jackson Avenue":[-73.9394711515,40.7481712907,1412.0],"Jamaica Avenue":[-73.8059375207,40.7018223807,3513.0],"Manhattan Bridge - North Path":[-73.9909419901,40.7080653898,14.0],"Main Street":[-73.8309343553,40.7611857833,10254.0],"Merrick Boulevard":[-73.7853902091,40.6976933624,369.0],"Mott Avenue":[-73.7525012672,40.6040233853,4307.0],"Northern Boulevard":[-73.804397431,40.7624707022,1231.0],"Prince Street":[-73.8327455523,40.7605325407,1816.0],"Queens Boulevard":[-73.8297139086,40.7137194872,4085.0],"Queens Plaza North & South":[-73.9399858878,40.7506636292,12121.0],"Roosevelt Avenue":[-73.8281889424,40.7600535205,16573.0],"Steinway Street":[-73.9180402987,40.7601549795,6717.0],"Sutphin Boulevard":[-73.8086047836,40.7034046266,3779.0],"Yellowstone Boulevard":[-73.8484069908,40.7227248216,1031.0],"Forest Avenue":[-74.108576077,40.6301716983,546.0],"New Dorp Lane":[-74.1108725294,40.5710710264,856.0],"Pedestrian Walkway from Ferry Terminal":[-74.0752448014,40.6429835263,2627.0],"Richmond Hill Road":[-74.1661492849,40.5881353068,382.0],"Victory Boulevard":[-74.077403387,40.6379328071,1950.0],"Brooklyn Bridge":[-73.9966978834,40.705970165,5666.0],"Manhattan Bridge - South Path":[-73.9911441993,40.7079484787,501.0],"Williamsburg Bridge":[-73.9720249378,40.713533723,1100.0],"Queensboro Bridge":[-73.9546008552,40.7568698601,686.0],"Broadway Bridge":[-73.9111997014,40.873547359,1399.0],"University Heights Bridge":[-73.9148896254,40.8627695834,823.0],"Macombs Dam Bridge":[-73.9338058884,40.82809996,895.0],"145th Street Bridge":[-73.9333049239,40.8194949454,670.0],"Madison Avenue Bridge":[-73.9331330279,40.814131068,825.0],"Third Avenue Bridge":[-73.932529677,40.8075548101,550.0],"Willis Avenue Bridge":[-73.9289610792,40.8037692798,477.0],"Wards Island Bridge":[-73.9368660359,40.7861122435,636.0]}